﻿{"cameraMode":{"drawMode":0,"name":"Shaded","section":"Shading Mode"},"sceneLighting":true,"audioPlay":false,"sceneViewState":{"showFog":true,"showMaterialUpdate":false,"showSkybox":true,"showFlares":true,"showImageEffects":true,"showParticleSystems":true},"in2DMode":false,"pivot":{"x":1.51601243019104,"y":4.6499457359313969,"z":-2.442502021789551},"rotation":{"x":0.002662539714947343,"y":0.9969317317008972,"z":-0.03920944035053253,"w":0.0676954835653305},"size":22.870502471923829,"orthographic":false}